MobileOrAccessories,Review,Price
"Xiaomi Redmi
12 Dual SIM M…",4.4,"6,899"
"realme 12x
Feather Gree…",4.4,"8,780"
"Samsung
Galaxy A55 D…",4.5,"19,999"
"Samsung
Galaxy A15 D…",4.4,"7,326"
"Xiaomi Redmi
A3 Dual SIM …",4.3,"4,299"
"realme Note 50
Dual SIM Mid…",4.2,"4,900"
"ITEL A70 Dual
SIM Starlish B…",4.3,"3,877"
"OPPO Oppo
A60, 256GB, …",4.3,"8,545"
"realme 12x
Glowing Blac…",4.1,"8,850"
"NOKIA C10
Dual Sim 2GB…",3.8,"2,580"
"OPPO A18 Dual
SIM Glowing …",4.2,"4,899"
"OnePlus Nord
3 Dual Sim Mi…",4.2,"20,425"
"ITEL RS4 Dual
SIM Silvery W…",4.4,"8,999"
"Honor X9b
Dual SIM 5G …",4.4,"16,649"
"OPPO Reno 11
Dual SIM Roc…",4.3,"17,250"
"Samsung
Galaxy A35 D…",4.5,"13,049"
"Samsung
Galaxy S23 F…",4.4,"25,888"
"Xiaomi Redmi
A3 Dual SIM …",4.1,"4,850"
"Google Pixel 7
Obsidian / Noi…",4.2,"19,950"
"Samsung
Galaxy A05 D…",4.4,"4,777"
"realme C51
Dual SIM Mint…",4.5,"4,900"
"Samsung
Galaxy A34 D…",4.4,"12,432"
"OPPO A79
Dual SIM Mys…",4.3,"10,050"
"NOKIA 106
Dual SIM Dar…",3.7,377
"realme Note 50
Dual SIM Mid…",4.2,"4,699"
"OnePlus 12R
Dual SIM Cool…",4.1,"27,750"
"Samsung
Galaxy A55 D…",4.5,"19,888"
"Xiaomi POCO
M6 Pro Dual …",4.0,"13,999"
"vivo V30 5G
Dual SIM Nob…",4.6,"22,500"
"Samsung
Galaxy A35 D…",4.6,"14,299"
"Apple iPhone
15 Pro 256GB…",4.5,"59,671"
"NOKIA C10
Dual Sim 2GB…",4.1,"2,580"
"Xiaomi Redmi
Note 11S 4G D…",3.5,"10,499"
"Google Pixel 7
Pro Obsidian …",4.1,"22,950"
"realme C63
Dual SIM Leat…",3.9,"6,438"
"NOKIA G21
Dual Sim Nor…",4.4,"4,999"
"OPPO Reno 11F
5G Dual SIM …",4.4,"13,249"
"OPPO Reno 8T
Dual SIM Mid…",4.5,"13,550"
"Samsung
Galaxy M34 D…",4.6,"10,499"
"Xiaomi POCO
X6 Pro 5G Bla…",4.5,"17,550"
"OnePlus 12
Dual Sim Flo…",4.4,"34,990"
"Samsung
Galaxy A35 D…",4.5,"13,049"
"realme Note 50
Dual SIM Sky …",4.5,"4,735"
"Samsung
Galaxy A53 D…",4.5,"13,750"
"Honor X8b
Dual SIM Gla…",4.5,"12,500"
"Samsung
Galaxy S23 Ul…",4.4,"57,777"
"Samsung
Galaxy Z Flip …",3.4,"39,999"
"Generic PUBG
Mobile 12000…",4.2,"20,630"
"realme Note 50
Dual SIM Mid…",4.8,"4,287"
"Samsung
Galaxy A04 D…",4.5,"5,060"
"OPPO Reno
12F 5G Dual S…",4.2,"15,850"
"Xiaomi Redmi
Note 13 Pro D…",5.0,"12,795"
"realme C63
Dual SIM Jad…",5.0,"6,440"
"Google Pixel 8
Obsidian 8GB…",4.5,"32,950"
"Honor X9a
Dual Sim Mid…",4.5,"13,999"
"realme 12 Pro
5G Dual SIM …",4.0,"16,988"
"REDMAGIC
Nubia Red Ma…",4.0,"41,299"
"vivo V29e Dual
SIM Rose Gol…",4.4,"12,599"
"OnePlus 12
Dual Sim Silky…",5.0,"36,990"
"Samsung
Galaxy Z Fold …",4.2,"73,999"
"Xiaomi Redmi
A3 Dual SIM S…",4.4,"4,299"
"realme C53
Dual SIM Cha…",4.2,"6,360"
"Xiaomi Redmi
A3 Dual SIM F…",3.3,"4,299"
"Samsung
Galaxy Z Fold …",4.3,"49,950"
"Samsung
Galaxy A03 D…",3.9,"5,500"
"NOKIA Mobile
5310 Black 4G",3.7,"1,149"
"Google Pixel 7
Pro Hazel 12G…",4.9,"27,777"
"Honor 90 Dual
Sim Midnight …",4.5,"23,499"
"Apple iPhone
15 128GB Yell…",4.4,"39,334"
"Honor X9b
Dual SIM 5G …",4.0,"13,925"
"ITEL S23 Dual
SIM Mystery …",3.2,"4,249"
"Google Pixel 7
Pro Obsidian …",4.4,"35,950"
"OPPO A77s
Dual SIM Sun…",4.2,"8,075"
"vivo V29e Dual
SIM Forest Bl…",4.6,"12,599"
"OPPO Reno 10
Pro 5G Dual S…",4.2,"18,699"
"OPPO Reno 8T
Dual SIM Mid…",3.5,"13,444"
"Apple iPhone
15 Pro 256GB…",4.3,"58,999"
"OPPO Reno 8
4G Dual Sim …",4.4,"13,999"
"NOKIA 106
Dual Sim 4G-…",5.0,382.30
"Samsung
Galaxy A14 D…",4.5,"6,140"
"Samsung
Galaxy A55 D…",3.9,"19,888"
"Samsung
Galaxy A05 D…",4.5,"5,500"
"vivo Y17s Dual
SIM Glitter Pu…",3.3,"6,940"
"OPPO Reno 10
5G Dual SIM …",4.6,"17,299"
"Xiaomi Redmi
A3 Dual SIM S…",3.8,"5,236"
"ITEL S23 Dual
SIM Mystery …",4.6,"5,099"
"Honor Honor
X9B 12GB 5G …",4.3,"13,990"
"NOKIA 6310
Black 8MB RA…",3.6,"1,030"
"Samsung
Galaxy Z Fold …",4.5,"57,750"
"OPPO A60
Dual SIM 8GB…",4.6,"8,600"
"realme C65
Dual SIM Starl…",5.0,"7,168"
"Samsung
Galaxy A54 D…",4.2,"19,328"
"NOKIA 5310
White Red 4G…",4.2,910
"OPPO Reno 6
Aurora / Blue …",4.6,"13,499"
"Xiaomi Redmi
Note 12 Dual …",4.4,"10,499"
"Honor X8b
Dual SIM Mid…",4.5,"12,500"
"Infinix Smart 8
Dual SIM Tim…",5.0,"4,704"
"ACE Mobile
URBAN 3 Plu…",4.2,"2,649"
"vivo Y17s 4G
Dual SIM Fore…",4.2,"6,749"
"benco Benco
E11 DUAL SIM…",3.6,600
"Samsung
Galaxy A05 D…",4.3,"5,899"
"ITEL A60S Dual
SIM Moonlit V…",4.4,"4,370"
"KXD A1 Dual
SIM Green 1G…",3.8,"1,999"
"OPPO Reno
12F 5G Dual S…",3.9,"13,595"
"Samsung
Galaxy Z Fold …",4.0,"67,777"
"ACE Mobile
URBAN3 Blac…",4.5,"2,299"
"OPPO A38
Glowing Gold …",4.3,"6,608"
"Xiaomi POCO
F6 Dual SIM …",4.4,"21,750"
"HUAWEI Nova
Y90 Dual SIM…",4.0,"8,500"
"realme C51
Dual SIM 4GB…",4.5,"4,920"
"ACE ACE
URBAN3 plus …",4.4,"3,400"
"Samsung
Galaxy M33 D…",4.0,"10,499"
"ACE Mobile
URBAN 3 Blu…",4.4,"2,499"
"realme Narzo
50i Prime Du…",3.9,"4,999"
"HUAWEI Y6P
Dual SIM Eme…",5.0,"6,999"
"vivo Vivo Y17s
6GB RAM, 12…",4.2,"6,666"
"Generic The
first Touch an…",3.5,"2,200"
"Samsung Piton
SM-B310 Dual…",4.2,"1,000"
"Lava IRIS 46
Dual SIM Blac…",4.4,"1,799"
"Samsung
Galaxy A34 D…",3.4,"13,950"
"IKU A23 Dual
Sim 2GB RAM…",4.5,"2,999"
"ITEL P55 Dual
SIM Aurora Bl…",4.5,"5,399"
"GIRASOLE
Girasole G30 …",5.0,530
"Apple iPhone
14 Pro Max 25…",4.2,"65,555"
"Honor 90 Lite
Dual SIM 8GB…",3.0,"11,122"
"OPPO A58
Dual SIM Glo…",5.0,"8,848"
"realme C67
Dual SIM Sun…",3.3,"7,999"
"Honor 90 Lite
Dual Sim Mid…",3.6,"10,999"
"Xiaomi Redmi
Note 13 Dual …",4.5,"9,100"
"NOKIA 2660
Flip Dual Sim …",3.4,"1,588"
"Apple iPhone
15 Pro Max 25…",2.7,"66,000"
"KXD KXD M23
mobile phone…",3.5,477
"KXD K2190
Dual Sim, 1.77 …",3.6,444
"unitronics UNI
X1 Dual SIM D…",5.0,430
"Xiaomi Redmi
12 Dual SIM P…",5.0,"7,699"
"ACE Mobile
FE2 Black 32…",4.7,630
"ACE Mobile
FE2 Black 32…",4.8,549
"Generic Desk
Mount Clip M…",3.5,650
"KXD M2 Dual
Sim 32MB Ra…",5.0,444
"unitronics UNI
X1 - 1.77-inch -…",3.9,430
"Ugreen Phone
Stand Alumin…",5.0,999
"Ugreen Cell
Phone Stand, …",5.0,"1,800"
"IKU IKU S3
Dual SIM, 1.8 I…",5.0,599
"Generic
EvancyStore …",4.1,85
"Earldom
Dashboard A…",2.9,135
"Generic Mobile
Phone Adjust…",2.9,75
"Generic Ten
tech Magnetic…",5.0,129.95
"Generic
Transparent …",5.0,57
"Generic Luxury
Graphic Fabri…",5.0,114.65
"Generic
magnetic prot…",3.3,140
"CG MOBILE
AMG Hard Ca…",5.0,"1,255"
"Generic
ELMO3EZZ Lu…",4.1,140
"Generic
XINGDIAN M…",3.0,220
"Generic A
modern mobil…",4.5,69
"Generic
Transparent p…",5.0,340
"Generic
Transparent …",3.7,58
"Generic
Transparent …",4.0,45
"CG MOBILE CG
MOBILE Gues…",4.0,"1,148"
"Generic Ten
tech Magnetic…",5.0,139.95
"Generic
Transparent p…",5.0,220
"Generic
Samsung Gal…",5.0,354.95
"Generic A
mobile holder…",5.0,119
"Samsung UK
25W Original …",4.0,249
"Generic Mobile
Phone Holder…",5.0,189
"Generic
Transparent …",5.0,184.95
"Generic
Transparent p…",5.0,220
"BlueFire
BlueFire Moto…",5.0,547.50
"BlueFire
BlueFire Moto…",5.0,547.50
"Generic
Transparent …",5.0,89
"Case Case for
Samsung Gal…",5.0,299
"Generic
Transparent …",5.0,149.95
"Generic
Transparent …",5.0,149.95
"Generic Case
Compatible C…",4.3,140
"Samsung
Galaxy A13 D…",5.0,"5,820"
"VC Worth
Cable For Mo…",4.8,56
"Generic Oppo
RENO 5 4G C…",3.9,60
"REMAX Remax
Bracket-Alien …",4.5,618.65
"realme Note 50
Dual SIM Mid…",3.0,"5,395"
"Generic Car
Magnet Holde…",5.0,145
"Xiaomi Black
Shark 5 Dual …",2.5,"28,649"
"Generic Oppo
Reno 6 5G- C…",4.5,80
"Generic Nano &
Micro & Stand…",4.1,218.40
"Generic
Transparent p…",3.5,300
"OPPO A17 Dual
SIM Light Blu…",4.2,"5,220"
"Honor X9b
Dual SIM 5G …",4.2,"14,888"
"NOKIA 6310
Dual Sim Dark…",4.3,"1,188"
"Generic
TenTech Trans…",4.0,95
"Generic
Compatible w…",4.5,63.75
"Generic Phone
Lanyard Neck…",4.9,862.50
"Generic Back
Cover Compa…",4.4,100
"Generic
ELMO3EZZ Lu…",4.5,140
"Generic Lovely
Cute Pink But…",4.0,299
"Lisen Phone
Holder Car, [U…",4.4,350
"Generic
ELMO3EZZ Lu…",3.9,140
"OPPO A18 Dual
Sim Glowing …",4.5,"5,649"
"MARGOUN
Flexible Lazy …",4.5,699
"Generic Holder
Mobile and C…",4.4,300
"Generic oldable
Mini Cell Pho…",3.3,230
"Generic Ten
Tech Transpar…",4.5,67
"Samsung
Galaxy S24 Ul…",4.3,"47,990"
"Generic
Silicone Trave…",3.3,47
"vivo Y36 4G
Dual SIM Met…",4.2,"8,999"
"Generic IPhone
XS MAX Case…",5.0,60
"NOKIA 105
Dual SIM Blac…",3.5,498.95
"Samsung
Galaxy A13 D…",4.3,"6,777"
"Generic Lovely
Cute Pink But…",4.8,299
"realme C53
Dual SIM Mig…",4.1,"6,395"
"Samsung
Galaxy S24 Ul…",4.3,"56,750"
"Hope Hope A2
Gaming Mobil…",5.0,"2,199"
"Generic Lovely
Cute Pink But…",4.1,299
"Generic oldable
Mini Cell Pho…",4.3,230
"Generic Clear
Silicone Case …",5.0,68
"Samsung
Galaxy Z Fold …",4.1,"57,750"
"Apple iPhone
14 128GB Star…",4.5,"34,983"
"Samsung
Galaxy A55 D…",4.8,"19,444"
"Honor X8b
Dual SIM Tita…",5.0,"12,999"
"Generic
Transparent …",5.0,219.95
"Generic
CaseMe Mobi…",3.1,720
"Generic Printed
Case For iPho…",3.1,170
"Generic
Folding Mobil…",4.1,45
"Generic Battery
For Mobile Ph…",5.0,750
"ACE Mobile
FE4 Black 32 …",5.0,825
"Generic
CaseMe Mobi…",5.0,720
"DGMING Wallet
Case for Sam…",4.4,550
"Generic
Transparent …",4.1,239.95
"ITEL A70 Dual
SIM Field Gre…",3.8,"4,295"
"Generic
Waterproof P…",4.0,65
"Dowin Folding
And Flexible …",4.4,179.95
"Generic
Storage Box …",4.5,64
"Generic
Transparent …",4.3,100
"CaseMe Wallet
Case for Sam…",4.3,300
"Generic New
Desktop Mobi…",4.3,29
"Generic Mobile
holder for the …",4.3,139
"CaseMe Wallet
Case for Sam…",4.3,350
"Generic Ten
Tech Transpar…",4.3,67
"Generic IPhone
12 Pro Max Ca…",4.5,60
"Honor X9b
Dual SIM 5G …",4.5,"14,888"
"Infinix Hot 40i
Dual SIM Pal…",4.4,"4,666"
"OPPO A17 Dual
SIM Midnight …",4.4,"5,099"
"Jellico PD QC
3.0 USB C Wa…",5.0,750
"Generic
Generic Car …",3.7,375
"Infinix Smart 8
Dual SIM Tim…",4.2,"4,704"
"SHOWAY
SHOWAY 360…",3.5,300
"Generic
Flexible Mobil…",5.0,144
"JSAUX JSAUX
Cell Phone St…",4.4,299
"Generic Kaber
Kaber Motorc…",4.5,229
"vivo Y03 Dual
SIM,64GB 4G…",4.2,"4,750"
"Generic
ELMO3EZZ Lu…",5.0,140
"VTC Back Case
For Samsung …",5.0,111
"GIRASOLE
Girasole G30 …",4.3,535
"Generic Ten
tech Magnetic…",4.3,124.95
"Honor X9b
Dual SIM 5G …",4.3,"13,950"
"Generic Ten
Tech Transpar…",2.9,64.95
"Generic Ten
Tech Transpar…",4.3,72
"Generic
TenTech Trans…",5.0,95
"Apple iPhone
15 Pro Physic…",5.0,"68,000"
"Spigen Spigen
615cs26165 t…",4.4,"2,500"
"Generic
magnetic prot…",5.0,140
"Generic Car
Pouch For Mo…",5.0,162
"Generic
TenTech Trans…",5.0,95
"Generic Ten
tech Magnetic…",3.6,94.95
"Generic
Magnetic Cas…",4.0,255
"Generic mobile
case iPhone 1…",5.0,110
"Xiaomi Poco
C65 Dual SIM…",4.3,"6,250"
"ITEL RS4 Dual
SIM Silvery W…",4.4,"8,999"
"Generic Ten
Tech Transpar…",2.7,64
"EVER Ever
Universal 360…",4.0,219
"Generic
ELMO3EZZ Lu…",4.7,140
"Generic Ten
tech Magnetic…",4.3,199.95
"Apple iPhone
15 Pro Max 51…",4.7,"74,999"
"Generic Lovely
Cute Pink But…",5.0,299
"Spigen Spigen
077cs27242 t…",4.4,"1,164"
"Generic Back
Covre For Op…",4.6,125
"Generic
ELMO3EZZ C…",4.4,450
"Generic VIVO
Y1S Case - Tra…",5.0,60
"Generic
Transparent …",4.8,79
"OZO aKa
Universal Ca…",4.3,99
"Generic
Multifunction…",4.8,375
"Generic mobile
case iPhone 1…",5.0,110
"DGMING Wallet
Case for Sam…",4.5,650
"Generic Ten
Tech Transpar…",4.8,72
"Generic TPU
Mobile Cover …",3.3,46.75
"Samsung
Galaxy A55 D…",4.0,"19,180"
"Generic
Compatible w…",4.0,840
"OZO Marble
Pattern Printe…",5.0,99
"Samsung
Galaxy A34 D…",5.0,"12,432"
"Generic Back
Cover for Sa…",4.5,148.75
"Generic Ten
tech Magnetic…",4.9,249.95
"Generic A
mobile holder…",4.0,229
"Samsung
Galaxy S24 Ul…",3.0,"48,550"
"Generic
Yanwom Silic…",5.0,215
"IKU IKU S5
Dual SIM Mob…",3.6,590
"Generic Mobile
Phone Adjust…",3.7,99.95
"Generic
TenTech Trans…",4.6,95
"DGMING Wallet
Case for Sam…",3.5,650
"Generic Clear
Silicone Case …",4.4,68
"Apple iPhone
15 Pro Max 25…",5.0,"65,128"
"OZO Dream
Catcher Owl …",1.5,99
"Generic mobile
case iPhone 1…",5.0,110
"NOKIA 5710 XA
Dual SIM Whit…",4.5,"1,666"
"Generic iPhone
XR Case With …",4.5,99
"OPPO Reno 10
5G Dual SIM …",4.6,"15,995"
"Generic back
Cover to Pho…",4.2,120
"Generic OPPO
A94 / RENO 5…",4.0,55
"Generic
EvancyStore …",5.0,85
"Generic Back
Cover Compa…",4.6,100
"Generic iPhone
12 Pro Max Ca…",4.6,99
"Yesido Yesido
c23 universal …",4.6,572.50
"Generic Case
Compatible W…",3.9,119
"Generic For
Samsung Gal…",3.5,85
"Generic For
Samsung Gal…",4.2,85
"Generic For
Samsung Gal…",4.2,85
"Generic For
Samsung Gal…",3.8,85
"IKU A12 Dual
SIM Twilight B…",4.7,"3,444"
"Generic
Transparent …",4.6,79
"OPPO A58
Dual SIM Daz…",5.0,"7,980"
"Apple iPhone
15 Pro 256GB…",5.0,"58,013"
"Generic F4
Small Rectang…",5.0,107
"OZO Pharaonic
Style Mobile …",4.4,99
"Generic Lovely
Cute Pink But…",5.0,299
"OZO Dream
Catcher Owl …",4.3,99
"Generic
magnetic prot…",4.4,120
"Generic Holder
Mobile and C…",4.5,300
"DGMING Wallet
Case for Sam…",5.0,650
"Generic mobile
case iPhone …",2.5,110
"CaseMe
CaseMe Sams…",5.0,400
"Earldom 360
Degree Rotati…",4.4,175
"realme C51
Dual SIM Car…",4.2,"4,925"
"Generic VIVO
Y53S 4G Cas…",3.7,60
"Generic iPhone
14 Pro Max",5.0,140
"realme Note 50
Dual SIM Sky …",4.2,"4,900"
"Generic Back
Cover Compa…",4.4,100
"Generic mobile
case iPhone …",4.4,110
"Generic iPhone
X/XS Case Wi…",4.6,99
"Generic Oppo
Reno 10 / Ren…",3.7,300
"Yesido Yesido
CA-65 Data C…",4.2,350
"Generic
Magnetic prot…",3.0,140
"realme Note 50
Dual SIM Sky …",4.4,"4,333"
"Samsung
Galaxy A15 D…",2.8,"6,499"
"Generic Back
Cover for iPh…",4.2,120
"Generic
ELMO3EZZ Lu…",4.0,140
"Apple iPhone
15 128GB Blac…",4.4,"40,198"
"Generic Iphone
15 Pro Max C…",5.0,127.50
"Generic
IPHONE 11 PR…",5.0,75
"Soda Soda
SCa100 Mobil…",4.4,200
"OPPO Reno
12F 5G Dual S…",4.7,"13,560"
"Generic
Compatible w…",4.6,297.50
"OPPO Reno11 F
5G Dual SIM …",5.0,"14,525"
"Generic Vivo
Y02 Phone C…",4.5,99
"Generic Silicon
Mobile Magic …",4.3,300
"Generic
Samsung Gal…",2.0,60
"Generic Mini
Foldable Adju…",4.6,35
"Yesido
Universal Sup…",4.3,750
"Generic
Compatible w…",4.0,255
"Generic Back
Cover Compa…",4.3,149
"realme Realme
11 Dual SIM Gl…",5.0,"11,600"
"Generic
ELMO3EZZ Lu…",4.0,99.40
"Generic Chair
Adjustable Ph…",5.0,59.30
"realme C25Y
Dual Sim Met…",4.3,"6,500"
"Generic Car
Magnet Holde…",4.3,133
"Samsung
Galaxy M33 D…",4.2,"10,499"
"Generic Oppo
Realme C15 C…",4.0,60
"Generic Case
Compatible w…",4.4,42.50
"Generic
Leather Walle…",2.4,350
"Generic Soft
Silicon Camer…",4.4,350
"Generic
Transparent p…",4.5,250
"Generic case
OP Find X5 Pr…",5.0,72.25
"Generic Case
for Xiaomi Re…",5.0,300
"Generic
Leather Walle…",3.6,350
"Generic Ten
Tech Transpar…",2.3,62
"Generic mobile
case iPhone 1…",4.4,110
"Generic mobile
case iPhone …",4.0,110
"Samsung
Power Adapte…",4.1,375
"JOYROOM
JR-14X1 Anti-…",4.0,74
"OZO Jeans
SE160LBJ Mo…",4.2,99
"vivo Y27 Dual
SIM Sea Blue …",5.0,"7,867"
"Generic iPhone
11 Pro Max Ca…",4.3,99
"Generic
ELMO3EZZ Lu…",5.0,140
"OZO Life
Coloring Effec…",4.5,99
"Generic Oppo
Reno 11 Pro 5…",4.3,364.95
"Generic
Wireless bluet…",4.3,600
"Generic
Transparent p…",4.3,230
"Generic Oppo
Reno 5 mobil…",4.0,160
"Generic iPhone
XR Case With …",4.6,99
"Generic
Compatible P…",4.0,720
"OPPO A38
Glowing Blac…",4.1,"6,200"
"Generic
Samsung Gal…",4.2,60
"Generic
Compatible w…",5.0,840
"Generic Case
for Xiaomi Re…",4.3,300
"Generic Back
Cover Compa…",3.7,120
"Generic back
Cover Suitabl…",5.0,100
"Generic iPhone
XS Max Case …",4.4,99
"Generic Dl3
Mobilak Case …",4.5,450
"Generic Back
Cover Compa…",3.7,100
"Honor X7b
Dual SIM Eme…",5.0,"8,300"
"Generic case
Compatible fo…",2.7,55.25
"Generic
magnetic prot…",4.4,130
"Samsung
Galaxy A34 D…",5.0,"13,299"
"ROCKROSE
Mobile Phone…",5.0,500
"Generic Case
Compatible W…",4.0,131.75
"Generic Case
Compatible w…",3.0,119
"Generic Back
Cover Compa…",4.1,100
"Generic Dl3
Mobilak OPP…",4.5,300
"Generic Holder
Mobile and C…",5.0,300
"quix Fast
Charging and …",4.4,399
"CaseMe Wallet
Case for Sam…",5.0,300
"Generic Ten
tech Magnetic…",5.0,159.95
"Generic
Samsung Gal…",3.3,60
"Dragon Glass
10D Screen Pr…",3.3,267.60
"Generic back
cover Suitabl…",3.3,100
"Generic
Samsung Gal…",5.0,60
"OZO Marble
SE129WGM M…",3.8,99
"Generic
Transparent p…",4.3,230
"Generic
Compatible w…",4.6,233.75
"CaseMe Flip
Wallet Case F…",3.2,650
"Generic
Waterproof Bi…",5.0,300
"Monster Mobile
High Perform…",3.5,75
"Generic Cable
for Samsung …",5.0,164
"GSTX Sun
Visor Car Cell…",4.4,375
"Generic IPhone
X Case - Tran…",4.6,60
"Generic Back
Cover For Sa…",4.6,42.50
"Generic back
cover Suitabl…",3.3,100
"Generic mobile
case iPhone 1…",5.0,110
"Generic Vivo
Y15S- Silicone…",4.5,90
"Generic Phone
Holder for Be…",5.0,"1,055"
"Generic
ELMO3EZZ Lu…",5.0,140
"Generic Oppo
A16K - Bear Si…",3.8,65
"NOKIA 216
Dual SIM Blac…",3.4,999
"Generic Oppo
A55 5G Case …",5.0,60
"Generic Clear
Wallet Phone …",4.3,76.50
"Generic
ELMO3EZZ Lu…",5.0,140
"Generic mobile
case iPhone …",3.3,200
"Generic Back
Cover Compa…",4.5,100
"Generic Back
Cover for OP…",5.0,55.25
"OZO Seamless
Mobile Back S…",5.0,99
"Generic Car
Mirror Phone …",4.6,84
"Generic back
Cover Suitabl…",5.0,100
"Case Silicone
Magnetic Cas…",5.0,240
"Generic Strong
Magnetic met…",5.0,358.90
"Generic back
cover Suitabl…",5.0,100
"Generic VONK
V05 Quick Ch…",3.9,99
"Generic plastic
back cover for…",4.1,165
"OZO Marble
SE144GBM M…",5.0,99
"Generic back
cover Suitabl…",3.1,100
"realme C53
Dual SIM Cha…",4.6,"6,552"
"OZO Desert
Variant Camo …",4.0,99
"Nillkin Nillkin
CamShield Pr…",3.5,"2,498"
"NOKIA Nokia
106 Dual Sim …",4.5,409.50
"ARMOR
Protective Sh…",4.6,205
"Case Samsung
Galaxy Z Fold …",4.7,250
"Generic
Samsung Gal…",4.2,110
"Generic for
oppo reno 7 4…",3.7,720
"VTC Ultra Slim
Fashion Back …",2.4,111
"Generic Xiaomi
Mi 9 / Xiaomi …",5.0,334.95
"Samsung Piton
SM-B310 Dual…",5.0,750
"Generic Oppo
Reno 6 5G M…",3.6,160
"Generic mobile
case iPhone …",4.6,110
"iDeal of
Sweden Mobil…",4.0,572
"Generic back
Cover Suitabl…",4.3,100
"Generic Apple
IPhone 11 Mo…",5.0,140
"Generic
Transparent s…",4.9,105
"iDeal of
Sweden Mobil…",4.3,572
"Generic Iphone
12 ProMAX - S…",4.7,60
"OZO Australian
OAK wood M…",5.0,99
"Generic
Samsung Gal…",4.0,60
"Generic Mobile
holder For car…",4.3,133
"iDeal of
Sweden Mobil…",3.5,232
"Earldom
EARLDOM Ca…",4.0,200
"Earldom
Earldom ET-E…",4.5,375
"HTC 2600.0
mAh Mobile B…",5.0,475
"Vidvie VIDVIE
DUAL USB FA…",4.0,199
"iDeal of
Sweden Mobil…",4.0,323
"iDeal of
Sweden Mobil…",5.0,357
"iDeal of
Sweden Mobil…",3.4,335
"iDeal of
Sweden Mobil…",5.0,609
"Amigo 0.33MM
Big Edge Tem…",1.0,135
"iDeal of
Sweden Mobil…",5.0,566
"Yesido
Adjustable m…",3.4,525
"keendex
keendex KX 3…",5.0,136
"Amigo 0.33MM
Big Edge Tem…",5.0,202.50
"Generic Mobile
phone and iP…",5.0,415
"Amigo 0.33MM
Big Edge Tem…",3.6,135
"Amigo 0.33MM
Big Edge Tem…",5.0,114.75
"Earldom
Earldom ET-E…",4.9,150
"OZO Red
Hearts Se165…",4.3,99
"Generic
Wireless Char…",3.5,399
"EVER Ever
Universal 360…",4.3,219
"TTec USB
Travel Speed …",4.0,375
"REMAX Remax
Mobile Phone…",4.1,550
"mobil 1
Excellent Wea…",4.5,490
"Generic Dream
World Baby M…",4.8,950
"Generic
Remote Contr…",2.0,595
"Generic
Cushioned Ex…",2.5,95
"Generic The
first Touch an…",3.5,"2,200"
"Generic Mobile
Phone Adjust…",2.6,75
"Ldino LDNIO
LS63 Mobile …",3.7,200
"Generic Mobile
Holder Magne…",5.0,163
"Generic Mobile
holder Auto C…",4.0,144
"iDeal of
Sweden Mobil…",5.0,335
"iDeal of
Sweden Mobil…",2.7,528
"iDeal of
Sweden Mobil…",2.9,528
"Generic
magnetic prot…",5.0,140
"OR Mobile
Holder Auto C…",3.0,197
"Generic
XINGDIAN M…",2.7,220
"Generic
Transparent p…",5.0,230
"OZO Heart and
Birds Mobile …",3.0,99
"Generic
magnetic prot…",4.0,140
"OZO Marble
SE129WGM M…",5.0,99
"Generic Luxury
Shockproof M…",4.8,85
"OZO Animal
Print SE118AP…",5.0,99
"Generic Apple
IPhone 12 & 1…",5.0,150
"Generic mobile
case iPhone 1…",5.0,110
"Generic
Transparent …",4.0,274.95
"Generic Oppo
Reno7- Colore…",2.9,100
"Generic Anti
Slip Pad Rubb…",4.1,140
"Generic
Wireless Mag…",5.0,666
"Generic Xiaomi
Redmi Note 1…",5.0,150
"OZO Leather
Checked SE11…",4.0,249
"Generic
Transparent p…",4.7,240
"Generic mobile
case iPhone 1…",5.0,110
"Generic Oppo
reno6 5G mo…",5.0,160
"Generic Luxury
Shockproof T…",4.0,300
"Generic
Waterproof m…",5.0,200
"Generic Apple
IPhone 12 Mo…",5.0,150
"REMAX Alien
Series Data C…",3.8,85
"Generic Oppo
K10/Realme 9i…",5.0,100
"Generic Case
for Samsung …",2.9,399
"OZO Space
Print Seamles…",5.0,99
"Generic Mobile
Phone Screen…",4.0,260
"Generic Xiaomi
Poco X3 Mobi…",5.0,150
"Generic Apple
IPhone Xs Ma…",4.2,130
"OZO Many
Green Roads …",3.7,99
"Hoco 10000.0
mAh Nimble …",5.0,822
"Generic
Samsung Gal…",5.0,160
"Generic Xiaomi
Redmi Note 1…",2.9,130
"OZO
Fashionable S…",5.0,99
"Generic 12 hrs
delivery-Mobil…",2.7,"1,740"
"Generic Oppo
K10/Realme 9i…",4.0,100
"Generic Battery
For Mobile Ph…",2.7,350
"Generic Simple
Colorful Cute …",4.0,53
"Generic
Transparent …",5.0,229.95
"Generic Mobile
holder for eas…",4.5,144
"OZO Mixed
Crushed Musi…",5.0,99
"Generic Apple
IPhone Xs Ma…",5.0,130
"Generic
ELMO3EZZ C…",3.5,450
"Generic
ELMO3EZZ Lu…",5.0,140
"OZO Colorful
Motif Pattern …",3.9,99
"Generic Mobile
holder 360 D…",3.4,99
"OZO Pharaonic
Style Mobile …",2.2,99
"OZO Print
Monochrome …",5.0,99
"OZO Butterfly
Mobile Back S…",4.3,99
"OZO Marble
Se144Gbm M…",4.6,99
"Generic Iphone
x mobile case",5.0,180
"Amigo 0.33MM
Big Edge Tem…",5.0,108
"Generic Oppo
Realme C15- …",4.3,100
"Generic Mobile
Phone Holder…",3.6,300
"EVER Ever
Universal 360…",5.0,219
"Generic Car
Magnet Holde…",3.3,197
"Generic
XINGDIAN M…",5.0,597.50
"Generic
Universal Car …",4.4,166
"quix Quix
iPhone 14 Pro…",4.6,799
"Generic
Wireless Blue…",4.7,199
"OZO Colorful
Motif Pattern …",3.9,99
"Generic Mobile
holder 360 D…",3.4,99
"OZO Pharaonic
Style Mobile …",2.2,99
"OZO Print
Monochrome …",5.0,99
"OZO Butterfly
Mobile Back S…",4.3,99
"OZO Marble
Se144Gbm M…",4.6,99
"Generic Iphone
x mobile case",5.0,180
"Amigo 0.33MM
Big Edge Tem…",5.0,108
"Generic Oppo
Realme C15- …",4.3,100
"Generic Mobile
Phone Holder…",3.6,300
"EVER Ever
Universal 360…",5.0,219
"Generic Car
Magnet Holde…",3.3,197
"Generic
XINGDIAN M…",5.0,597.50
"Generic
Universal Car …",4.4,166
"quix Quix
iPhone 14 Pro…",4.6,799
"Generic
Wireless Blue…",4.7,199
